<?xml version="1.0" encoding="UTF-8"?>
<config xmlns="http://www.knime.org/2008/09/XMLConfig" xmlns:xsi="http://www.w3.org/2001/XMLSchema-instance" xsi:schemaLocation="http://www.knime.org/2008/09/XMLConfig http://www.knime.org/XMLConfig_2008_09.xsd" key="MiningSchema">
<config key="learning">
<entry key="array-size" type="xint" value="7"/>
<entry key="0" type="xstring" value="Mastery-intrinsic orientation"/>
<entry key="1" type="xstring" value="Mastery-extrinsic orientation"/>
<entry key="2" type="xstring" value="Performance-approach orientation"/>
<entry key="3" type="xstring" value="Performance-avoidance orientation"/>
<entry key="4" type="xstring" value="Avoidance orientation"/>
<entry key="5" type="xstring" value="Academic withdrawal"/>
<entry key="6" type="xstring" value="School value"/>
</config>
<config key="target">
<entry key="array-size" type="xint" value="1"/>
<entry key="0" type="xstring" value="BINNED_Fear of Failure"/>
</config>
</config>
