<?xml version="1.0" encoding="UTF-8"?>
<config xmlns="http://www.knime.org/2008/09/XMLConfig" xmlns:xsi="http://www.w3.org/2001/XMLSchema-instance" xsi:schemaLocation="http://www.knime.org/2008/09/XMLConfig http://www.knime.org/XMLConfig_2008_09.xsd" key="spec.xml">
<entry key="spec_name" type="xstring" value="default"/>
<entry key="number_columns" type="xint" value="1"/>
<config key="column_spec_0">
<entry key="column_name" type="xstring" value="Fear of Failure"/>
<config key="element_names">
<entry key="array-size" type="xint" value="0"/>
</config>
<config key="column_type">
<entry key="cell_class" type="xstring" value="org.knime.core.data.def.DoubleCell"/>
</config>
<config key="column_domain">
<config key="lower_bound">
<entry key="datacell" type="xstring" value="org.knime.core.data.def.DoubleCell"/>
<config key="org.knime.core.data.def.DoubleCell">
<entry key="DoubleCell" type="xdouble" value="1.0"/>
</config>
</config>
<config key="upper_bound">
<entry key="datacell" type="xstring" value="org.knime.core.data.def.DoubleCell"/>
<config key="org.knime.core.data.def.DoubleCell">
<entry key="DoubleCell" type="xdouble" value="7.0"/>
</config>
</config>
</config>
<config key="column_properties"/>
<config key="filter_handler">
<entry key="id" type="xstring" value="8a6ec18d-a22b-47fa-aa4d-4c2c590d2b23"/>
<entry key="type" type="xstring" value="range"/>
<entry key="minimum" type="xdouble" value="1.0"/>
<entry key="maximum" type="xdouble" value="7.0"/>
<entry key="minimumInclusive" type="xboolean" value="true"/>
<entry key="maximumInclusive" type="xboolean" value="true"/>
</config>
</config>
</config>
